"post_id","source","text","timestamp","likes_or_rating"
"yt01","YouTube","Bhaiya One Plus nord wired earphone vs Realme buds 3 me compare kar ke ek video bana do mujhe lena hai inme se ek.","2026-10-04","0"
"yt02","YouTube","Please ak video banow onek confused ami realme air 7 vs oppo enco air 5 vs CMF by nothing 2 pro acodiing to BBD / fastival Deal.","2026-10-04","0"
"yt03","YouTube","2k ke under ows clipper style me kon behtar hai","2026-10-04","0"
"yt04","YouTube","Isme manual power on nhi hota hai kya? Mere unit me nhi ho raha hai.. I mean case k bahar off ho jaye to...","2026-10-04","0"
"yt05","YouTube","Bhai study purpose ke liye sahi rahega kiya ya phir boat loop nahi to over ear headphones le le kiya","2026-10-04","0"
"yt06","YouTube","Bhai please reply krna mera naah earbuds se bhut jyda pain hona lag jata hai koi earbuds bta do chay ows kush be bta do mujhe earbuds ki bhut jarurt padti hai","2026-10-04","0"
"yt07","YouTube","bs design or na girne k liye buy kr skte ho..","2026-10-04","0"
"yt08","YouTube","Brother this earphone is a waste of money. Pls mention it in the video. So that people shouldn't buy this. It's not loud enough to watch movies, you have to scale volume up and down to hear the vocals while watching movies. It's not good for riders also as you go above 50kmph, you will not be able to hear any music you will only hear surrounding noise. The only good thing about it is that it is very comfortable on the ear. You can wear it for hours.","2026-10-03","0"
"yt09","YouTube","Please review on boat airdopes clip ows 40hrs jiska price 1499 hai uska review krdo bhai jldi se please","2026-10-03","0"
"yt10","YouTube","Hi sir main aapki video bahut dekhta hun maine aapki video dekhkar boat Airdopes Supreme and noise crew smart watch Liya tha watch perfect chal raha hai but supreme left wala gir gaya tha to tut gaya tha main soch Raha Hun realme buds t500 pro","2026-10-03","0"
"yt11","YouTube","Bhai jlabs go pop ka review kar sakte ho?? Quite seeing it in bbd sale at 2500rs and redmi buds","2026-10-04","0"
"yt12","YouTube","boult soniq vs boat rockerz 440 plus kona best rhega for student of music ka liye or build quality bhi bhadiya ho","2026-10-03","0"
"yt13","YouTube","Priority- loud sound with heavy bass Budget-2000 se 2300 Select between -Oneplus buds nord 3 pro, moto buds bass or anyone of your choice","2026-10-04","0"
"yt14","YouTube","Please review on boat airdopes clip ows 40hrs jiska price 1499 hai","2026-10-03","0"
"yt15","YouTube","al soundcore OWS ke video banaye","2026-10-04","0"
"yt16","YouTube","Bhai boat nirvana crystal review karo please next video me","2026-10-04","0"
"yt17","YouTube","Sir for music very strong sound which one is good","2026-01-15","2"
"yt18","YouTube","Sir among these 5 boat products, which will give me best sound quality if i don't care about budget here???","2026-01-10","1"
"yt19","YouTube","Bhai kya smart talk wale or bhi koi buds h kya boat flex 454 ke alava ager h to aap un sab ki ek video lao","2026-01-12","0"
"yt20","YouTube","Gaming ke liye boat ka achha saa earbuds jisme 30ms latency aur battery backup jyada rahe","2025-12-20","0"
"yt21","YouTube","1st comment sir. I'm planning to buy tws. Nice timing for me. Video is very helpful","2025-12-15","0"
"yt22","YouTube","Can you make a video boat nirvana zenith pro VS boat prime 701 ANC please","2026-03-10","0"
"yt23","YouTube","Bass 9.5 sound 9.5 eaebuds cahiye please btaiye","2026-01-18","1"
"yt24","YouTube","Realme buds ki kijie","2026-01-20","0"
"yt25","YouTube","bro battery sabse jada imptant hota vo aap bata nhi rahe ho plz batao 1k mera buget hai battery jada chahia vo batao muje plz","2026-01-22","0"
"yt26","YouTube","Waist of money I purchased this","2026-05-15","0"
"yt27","YouTube","I buyed zenith pro and its kinda worth it for the price not bad not good","2026-01-25","0"
"yt28","YouTube","Very bass heavy powerful earbud under 1000 give your suggestion brother","2025-12-18","0"
"yt29","YouTube","Bhai plzz Aroma company ke Neckband review karo call quality test aapli style me... 300 rs me milte hai bahot jyada acche review hai online and yt par uske","2026-01-14","0"
"yt30","YouTube","I am using Boat Rockerz 480 headphone","2026-08-05","0"
"yt31","YouTube","Company mein Realme t110 use kar raha hun or home per oneplus nord 3 Pro donon acche Hain","2026-01-16","0"
"yt32","YouTube","Thanks for making video. But tell which one I should get PRIME 412 or 413 OR 511. I am buying right now. So PLS TELL WHICH ONE SHOULD I GET. PRICE DIFFERENCE 200/-","2026-02-10","0"
"yt33","YouTube","Bhaiya budget 1800 ka he or mujhe isbar apne liye suggestion chahiye aapse mujhe anc normal chalega and loud, heavy uchakne wala Bass and 3D spatial sound ke sath thik thak calling wale earbuds chahiye or anc ki jagah LDAC ya dolby audio milega Jo bohot accha work kare to iske hisab se koi suggestion do please","2026-01-28","0"
"yt34","YouTube","ek baar JBL Go 3 portable speaker ka review karo please","2026-01-30","1"
"yt35","YouTube","Bro Boat prime 412 vs 413 vs 511 ka comparison karo please please","2026-02-20","1"
"yt36","YouTube","boat nirvana zenith pro review is amazing clear sound","2026-03-15","0"
"yt37","YouTube","Boat airdopes 300 best hai under 1000 mein. Bass bahut accha hai and battery 3 din chal jata hai","2026-04-10","2"
"yt38","YouTube","bhai boat airdopes 131 le liya 6 mahine chal gaya ab ek side band ho gaya kharabi aa gayi quality issue hai boat mein","2026-05-20","3"
"yt39","YouTube","Boat prime 511 best purchase under 2000. ANC accha hai music ke liye perfect sound quality mast hai","2026-06-01","4"
"yt40","YouTube","Mere boat airdopes 141 mein left earbud ka volume kam hai right se. Common problem hai boAt ki","2026-07-12","5"
"yt41","YouTube","boat earbuds saste hain lekin 6 mahine se zyada nahi chalte yahi problem hai inka","2026-08-01","3"
"yt42","YouTube","Best budget earbuds hai boat ke. Mere pass airdopes 161 hai 800 mein liya tha ab bhi chal raha hai 1 saal ho gaya","2026-09-05","2"
"yt43","YouTube","boAt ka after sales service bahut kharab hai. 3 hafte se warranty claim pending hai koi response nahi","2026-08-20","6"
"yt44","YouTube","Maine 4 boat products use kiye hain 2 acche chale 1 saal se zyada 2 kharab ho gaye 3 mahine mein. Consistency issue hai","2026-09-15","4"
"yt45","YouTube","boAt Rockerz 255 Pro running ke liye best hai. Sweatproof hai girta nahi 10 ghante battery. Gym companion perfect","2026-07-20","3"
"yt46","YouTube","Touch controls bohot sensitive hain boAt earbuds mein. Music randomly pause hota rehta hai bohot irritating hai","2026-08-10","5"
"yt47","YouTube","Boat ne India mein audio affordable bana diya. 500 rupaye mein earbuds milte hain ab. Value for money king","2026-06-15","8"
"yt48","YouTube","Mic quality boat earbuds mein calls ke liye bahut kharab hai. Dusra banda hamesha complain karta hai background noise ka","2026-09-01","4"
"yt49","YouTube","boAt Airdopes 381 with Qualcomm chipset game changer hai. aptX support finally mil gaya","2026-07-25","3"
"yt50","YouTube","Cable quality boat ke wired earphones mein terrible hai. Tangle hota hai copper expose ho jata hai weeks mein","2026-08-15","2"
"yt51","YouTube","boAt Stone 1200 bluetooth speaker loud hai! House party mein use kiya sabko pasand aaya","2026-06-20","4"
"yt52","YouTube","Switched from boAt to Nothing Ear. Build quality mein zameen aasmaan ka fark hai. You get what you pay for","2026-09-10","7"
"yt53","YouTube","boAt products disposable electronics hain. Buy use throw buy again. Sustainable nahi hai","2026-09-20","5"
"yt54","YouTube","Biggest issue with boAt: warranty process joke hai. Apne paiso se ship karo phir 30 din wait karo","2026-08-25","6"
"yt55","YouTube","Boat airdopes 500 ANC review after 1 month - ANC mediocre hai but sound quality price ke liye top tier","2026-09-25","3"
